1 1 7 4 6 3 5 5 , 1 1 7 4 6 7 7 1 , 1 1 7 4 5 8 4 1 , 1 1 7 4 5 9 0 8 , 1 1 7 4 6 1 7 6 , 1 1 7 4 5 8 1 5 , 1 1 7 4 5 8 3 0 , 1 1 7 4 6 0 0 4 , 1 1 7 4 5 8 9 2,,11746355,11746771,11745841,11745908,11746176,11745815,11745830,11746004,11745892
1 1 7 4 5 7 9 8 , 1 1 7 4 6 7 7 1 , 1 1 7 4 5 7 7 7 , 1 1 7 4 6 7 4 5 , 1 1 7 4 6 7 2 4 , 1 1 7 4 5 9 4 9 , 1 1 7 4 5 8 4 3 , 1 1 7 4 6 7 8 2 , 1 1 7 4 5 8 9 2,,11745798,11746771,11745777,11746745,11746724,11745949,11745843,11746782,11745892
1 1 7 4 6 7 8 4 , 1 1 7 4 5 8 5 6 , 1 1 7 4 6 7 0 9 , 1 1 7 4 6 6 9 0 , 1 1 7 4 6 7 3 9 , 1 1 7 4 6 7 0 4 , 1 1 7 4 5 8 3 0 , 1 1 7 4 6 7 4 9 , 1 1 7 4 6 1 4 9,,11746784,11745856,11746709,11746690,11746739,11746704,11745830,11746749,11746149
1 1 7 4 5 9 9 0 , 1 1 7 4 6 7 7 1 , 1 1 7 4 6 7 0 6 , 1 1 7 4 6 4 4 5 , 1 1 7 4 5 9 9 5 , 1 1 7 4 5 8 8 2 , 1 1 7 4 6 7 9 8 , 1 1 7 4 5 7 8 4 , 1 1 7 4 6 7 1 1,,11745990,11746771,11746706,11746445,11745995,11745882,11746798,11745784,11746711
1 1 7 4 5 9 9 0 , 1 1 7 4 5 8 5 6 , 1 1 7 4 6 6 9 5 , 1 1 7 4 6 6 9 0 , 1 1 7 4 6 6 6 9 , 1 1 7 4 6 6 9 9 , 1 1 7 4 6 6 8 8 , 1 1 7 4 6 7 4 9 , 1 1 7 4 6 6 3 8,,11745990,11745856,11746695,11746690,11746669,11746699,11746688,11746749,11746638
1 1 7 4 6 7 8 4 , 1 1 7 4 6 7 8 2 , 1 1 7 4 6 6 3 4 , 1 1 7 4 6 6 9 0 , 1 1 7 4 6 6 6 9 , 1 1 7 4 5 7 7 9 , 1 1 7 4 5 8 4 3 , 1 1 7 4 6 0 0 4 , 1 1 7 4 6 6 3 8,,11746784,11746782,11746634,11746690,11746669,11745779,11745843,11746004,11746638
1 1 7 4 5 9 2 2 , 1 1 7 4 6 7 9 1 , 1 1 7 4 6 7 8 2 , 1 1 7 4 6 4 4 5 , 1 1 7 4 5 9 0 8 , 1 1 7 4 5 9 3 6 , 1 1 7 4 5 8 3 0 , 1 1 7 4 5 7 7 1 , 1 1 7 4 5 8 9 2,,11745922,11746791,11746782,11746445,11745908,11745936,11745830,11745771,11745892
1 1 7 4 6 1 2 8 , 1 1 7 4 5 7 7 7 , 1 1 7 4 6 7 0 9 , 1 1 7 4 6 7 5 7 , 1 1 7 4 6 7 1 8 , 1 1 7 4 6 0 1 0 , 1 1 7 4 5 8 4 3 , 1 1 7 4 6 6 3 4 , 1 1 7 4 5 9 5 1,,11746128,11745777,11746709,11746757,11746718,11746010,11745843,11746634,11745951
1 1 7 4 6 7 8 4 , 1 1 7 4 6 7 5 3 , 1 1 7 4 6 7 0 9 , 1 1 7 4 6 4 2 4 , 1 1 7 4 5 8 5 9 , 1 1 7 4 5 8 1 9 , 1 1 7 4 5 8 4 3 , 1 1 7 4 6 6 2 5 , 1 1 7 4 5 8 9 2,,11746784,11746753,11746709,11746424,11745859,11745819,11745843,11746625,11745892
1 1 7 4 6 7 3 1 , 1 1 7 4 6 6 9 5 , 1 1 7 4 6 7 0 9 , 1 1 7 4 6 6 9 0 , 1 1 7 4 5 7 6 6 , 1 1 7 4 5 9 7 7 , 1 1 7 4 5 8 4 3 , 1 1 7 4 5 8 4 5 , 1 1 7 4 5 8 9 2,,11746731,11746695,11746709,11746690,11745766,11745977,11745843,11745845,11745892
1 1 7 4 6 6 7 8 , 1 1 7 4 5 8 5 6 , 1 1 7 4 6 7 0 9 , 1 1 7 4 6 7 4 5 , 1 1 7 4 5 7 9 1 , 1 1 7 4 5 9 0 6 , 1 1 7 4 5 8 4 3 , 1 1 7 4 5 8 7 8 , 1 1 7 4 5 8 9 2,,11746678,11745856,11746709,11746745,11745791,11745906,11745843,11745878,11745892
1 1 7 4 6 7 3 1 , 1 1 7 4 6 7 5 3 , 1 1 7 4 5 8 0 1 , 1 1 7 4 6 7 0 4 , 1 1 7 4 6 7 2 2 , 1 1 7 4 6 6 2 9 , 1 1 7 4 5 8 3 0 , 1 1 7 4 6 7 0 9 , 1 1 7 4 5 9 5 1,,11746731,11746753,11745801,11746704,11746722,11746629,11745830,11746709,11745951
1 1 7 4 6 7 8 4 , 1 1 7 4 6 7 5 3 , 1 1 7 4 6 7 0 9 , 1 1 7 4 6 4 4 5 , 1 1 7 4 5 7 8 7 , 1 1 7 4 5 9 7 7 , 1 1 7 4 5 8 4 3 , 1 1 7 4 6 6 3 4 , 1 1 7 4 5 8 9 2,,11746784,11746753,11746709,11746445,11745787,11745977,11745843,11746634,11745892
1 1 7 4 5 8 5 8 , 1 1 7 4 5 8 5 6 , 1 1 7 4 6 6 9 5 , 1 1 7 4 5 8 2 1 , 1 1 7 4 6 7 1 8 , 1 1 7 4 5 9 2 7 , 1 1 7 4 5 8 3 0 , 1 1 7 4 5 8 2 3 , 1 1 7 4 5 8 9 2,,11745858,11745856,11746695,11745821,11746718,11745927,11745830,11745823,11745892
1 1 7 4 5 8 5 8 , 1 1 7 4 5 8 0 1 , 1 1 7 4 5 7 7 7 , 1 1 7 4 5 8 2 1 , 1 1 7 4 6 7 2 2 , 1 1 7 4 5 8 5 2 , 1 1 7 4 6 1 6 7 , 1 1 7 4 6 6 9 5 , 1 1 7 4 5 8 9 2,,11745858,11745801,11745777,11745821,11746722,11745852,11746167,11746695,11745892
1 1 7 4 5 9 2 2 , 1 1 7 4 6 7 5 3 , 1 1 7 4 6 7 7 1 , 1 1 7 4 5 7 8 7 , 1 1 7 4 5 8 1 9 , 1 1 7 4 5 8 1 5 , 1 1 7 4 5 8 3 0 , 1 1 7 4 6 7 0 9 , 1 1 7 4 5 9 5 1,,11745922,11746753,11746771,11745787,11745819,11745815,11745830,11746709,11745951
1 1 7 4 5 8 5 8 , 1 1 7 4 5 8 5 6 , 1 1 7 4 6 7 8 2 , 1 1 7 4 6 4 4 5 , 1 1 7 4 5 7 6 6 , 1 1 7 4 5 8 0 3 , 1 1 7 4 5 8 3 0 , 1 1 7 4 5 7 7 1 , 1 1 7 4 5 9 5 1,,11745858,11745856,11746782,11746445,11745766,11745803,11745830,11745771,11745951
1 1 7 4 5 8 5 8 , 1 1 7 4 6 7 7 1 , 1 1 7 4 6 6 9 5 , 1 1 7 4 6 7 4 5 , 1 1 7 4 6 6 5 0 , 1 1 7 4 6 4 0 0 , 1 1 7 4 5 8 4 3 , 1 1 7 4 6 7 8 2 , 1 1 7 4 5 9 5 1,,11745858,11746771,11746695,11746745,11746650,11746400,11745843,11746782,11745951
1 1 7 4 5 9 9 0 , 1 1 7 4 6 6 9 5 , 1 1 7 4 5 8 3 6 , 1 1 7 4 6 4 4 5 , 1 1 7 4 6 7 5 7 , 1 1 7 4 6 1 3 9 , 1 1 7 4 5 8 3 0 , 1 1 7 4 5 7 7 1 , 1 1 7 4 6 1 4 9,,11745990,11746695,11745836,11746445,11746757,11746139,11745830,11745771,11746149
1 1 7 4 5 8 5 8 , 1 1 7 4 6 7 7 1 , 1 1 7 4 6 6 3 4 , 1 1 7 4 5 9 1 0 , 1 1 7 4 5 8 6 4 , 1 1 7 4 6 7 6 7 , 1 1 7 4 5 8 3 0 , 1 1 7 4 6 6 2 5 , 1 1 7 4 6 7 2 6,,11745858,11746771,11746634,11745910,11745864,11746767,11745830,11746625,11746726
1 1 7 4 6 6 7 8 , 1 1 7 4 5 8 4 1 , 1 1 7 4 5 7 7 7 , 1 1 7 4 5 7 6 6 , 1 1 7 4 6 6 9 9 , 1 1 7 4 5 9 4 2 , 1 1 7 4 5 8 4 3 , 1 1 7 4 6 7 0 9 , 1 1 7 4 5 9 5 1,,11746678,11745841,11745777,11745766,11746699,11745942,11745843,11746709,11745951
1 1 7 4 5 9 2 2 , 1 1 7 4 6 7 5 3 , 1 1 7 4 6 7 7 1 , 1 1 7 4 6 0 1 0 , 1 1 7 4 6 6 5 0 , 1 1 7 4 6 7 2 4 , 1 1 7 4 6 7 3 5 , 1 1 7 4 6 6 3 4 , 1 1 7 4 5 9 5 1,,11745922,11746753,11746771,11746010,11746650,11746724,11746735,11746634,11745951
1 1 7 4 5 9 9 0 , 1 1 7 4 5 8 4 1 , 1 1 7 4 6 7 0 6 , 1 1 7 4 6 4 4 5 , 1 1 7 4 5 7 8 7 , 1 1 7 4 5 8 4 7 , 1 1 7 4 5 8 4 3 , 1 1 7 4 6 7 4 9 , 1 1 7 4 5 9 5 1,,11745990,11745841,11746706,11746445,11745787,11745847,11745843,11746749,11745951
1 1 7 4 6 6 7 8 , 1 1 7 4 6 7 7 1 , 1 1 7 4 6 7 0 9 , 1 1 7 4 6 4 4 5 , 1 1 7 4 6 0 1 0 , 1 1 7 4 5 8 8 4 , 1 1 7 4 5 8 3 0 , 1 1 7 4 5 8 6 8 , 1 1 7 4 5 9 5 1,,11746678,11746771,11746709,11746445,11746010,11745884,11745830,11745868,11745951
1 1 7 4 5 8 5 8 , 1 1 7 4 5 8 0 1 , 1 1 7 4 5 7 7 7 , 1 1 7 4 5 8 5 9 , 1 1 7 4 5 9 2 3 , 1 1 7 4 5 9 8 6 , 1 1 7 4 5 8 4 3 , 1 1 7 4 6 6 9 5 , 1 1 7 4 6 6 3 8,,11745858,11745801,11745777,11745859,11745923,11745986,11745843,11746695,11746638
1 1 7 4 6 7 8 4 , 1 1 7 4 6 7 9 1 , 1 1 7 4 6 7 0 9 , 1 1 7 4 6 6 9 0 , 1 1 7 4 6 7 1 8 , 1 1 7 4 5 9 8 6 , 1 1 7 4 5 8 3 0 , 1 1 7 4 6 7 8 2 , 1 1 7 4 5 9 5 1,,11746784,11746791,11746709,11746690,11746718,11745986,11745830,11746782,11745951
1 1 7 4 6 3 9 2 , 1 1 7 4 5 8 4 1 , 1 1 7 4 6 6 9 5 , 1 1 7 4 6 4 4 5 , 1 1 7 4 6 0 1 0 , 1 1 7 4 5 8 5 2 , 1 1 7 4 5 7 9 4 , 1 1 7 4 6 7 0 6 , 1 1 7 4 5 8 9 2,,11746392,11745841,11746695,11746445,11746010,11745852,11745794,11746706,11745892
1 1 7 4 6 7 3 1 , 1 1 7 4 5 8 5 6 , 1 1 7 4 5 7 6 9 , 1 1 7 4 6 6 9 0 , 1 1 7 4 6 1 7 6 , 1 1 7 4 6 1 3 9 , 1 1 7 4 5 8 4 3 , 1 1 7 4 5 9 4 0 , 1 1 7 4 5 8 9 2,,11746731,11745856,11745769,11746690,11746176,11746139,11745843,11745940,11745892
1 1 7 4 6 7 0 1 , 1 1 7 4 5 8 5 6 , 1 1 7 4 6 6 9 5 , 1 1 7 4 6 0 1 0 , 1 1 7 4 6 7 3 9 , 1 1 7 4 5 8 5 2 , 1 1 7 4 5 8 6 2 , 1 1 7 4 6 7 4 9 , 1 1 7 4 5 9 5 1,,11746701,11745856,11746695,11746010,11746739,11745852,11745862,11746749,11745951
1 1 7 4 5 8 5 8 , 1 1 7 4 6 7 5 3 , 1 1 7 4 6 7 8 2 , 1 1 7 4 6 6 9 0 , 1 1 7 4 6 7 9 3 , 1 1 7 4 5 8 5 2 , 1 1 7 4 5 8 4 3 , 1 1 7 4 5 8 7 6 , 1 1 7 4 6 6 3 8,,11745858,11746753,11746782,11746690,11746793,11745852,11745843,11745876,11746638
1 1 7 4 6 7 3 1 , 1 1 7 4 6 6 9 5 , 1 1 7 4 6 7 0 9 , 1 1 7 4 5 8 6 6 , 1 1 7 4 6 0 1 0 , 1 1 7 4 6 4 9 3 , 1 1 7 4 5 8 4 3 , 1 1 7 4 6 7 9 5 , 1 1 7 4 5 8 9 2,,11746731,11746695,11746709,11745866,11746010,11746493,11745843,11746795,11745892
1 1 7 4 6 3 5 5 , 1 1 7 4 6 7 9 1 , 1 1 7 4 5 8 5 6 , 1 1 7 4 6 7 2 7 , 1 1 7 4 6 7 2 4 , 1 1 7 4 6 1 3 9 , 1 1 7 4 5 8 4 3 , 1 1 7 4 6 7 8 2 , 1 1 7 4 5 8 9 2,,11746355,11746791,11745856,11746727,11746724,11746139,11745843,11746782,11745892
1 1 7 4 5 8 5 8 , 1 1 7 4 6 7 7 1 , 1 1 7 4 5 8 5 6 , 1 1 7 4 5 9 9 5 , 1 1 7 4 5 8 1 9 , 1 1 7 4 5 9 2 3 , 1 1 7 4 5 8 6 2 , 1 1 7 4 5 9 4 0 , 1 1 7 4 5 9 5 1,,11745858,11746771,11745856,11745995,11745819,11745923,11745862,11745940,11745951
